{"cameraMode":{"drawMode":0,"name":"Shaded","section":"Shading Mode"},"sceneLighting":true,"audioPlay":false,"sceneViewState":{"showFog":true,"showMaterialUpdate":false,"showSkybox":true,"showFlares":true,"showImageEffects":true,"showParticleSystems":true},"in2DMode":false,"pivot":{"x":2.9783008098602297,"y":16.591110229492189,"z":-35.98988342285156},"rotation":{"x":-0.02386067807674408,"y":0.7431632876396179,"z":-0.6681665778160095,"w":-0.026542959734797479},"size":10.694387435913086,"orthographic":false}